1,Bulbasaur,Earth,Undead,318,45,49,49,65,65,45,1,False
2,Ivysaur,Earth,Undead,405,60,62,63,80,80,60,1,False
3,Venusaur,Earth,Undead,525,80,82,83,100,100,80,1,False
3*,VenusaurMega Venusaur,Earth,Undead,625,80,100,123,122,120,80,1,False
4,Charmander,Fire,,309,39,52,43,60,50,65,1,False
5,Charmeleon,Fire,,405,58,64,58,80,65,80,1,False
6,Charizard,Fire,Air,534,78,84,78,109,85,100,1,False
6*,CharizardMega Charizard X,Fire,Bestial,634,78,130,111,130,85,100,1,False
6**,CharizardMega Charizard Y,Fire,Air,634,78,104,78,159,115,100,1,False
7,Squirtle,Water,,314,44,48,65,50,64,43,1,False
8,Wartortle,Water,,405,59,63,80,65,80,58,1,False
9,Blastoise,Water,,530,79,83,100,85,105,78,1,False
9*,BlastoiseMega Blastoise,Water,,630,79,103,120,135,115,78,1,False
10,Caterpie,Machine,,195,45,30,35,20,20,45,1,False
11,Metapod,Machine,,205,50,20,55,25,25,30,1,False
12,Butterfree,Machine,Air,395,60,45,50,90,80,70,1,False
13,Weedle,Machine,Undead,195,40,35,30,20,20,50,1,False
14,Kakuna,Machine,Undead,205,45,25,50,25,25,35,1,False
15,Beedrill,Machine,Undead,395,65,90,40,45,80,75,1,False
15*,BeedrillMega Beedrill,Machine,Undead,495,65,150,40,15,80,145,1,False
16,Pidgey,Bestial,Air,251,40,45,40,35,35,56,1,False
17,Pidgeotto,Bestial,Air,349,63,60,55,50,50,71,1,False
18,Pidgeot,Bestial,Air,479,83,80,75,70,70,101,1,False
18,PidgeotMega Pidgeot,Bestial,Air,579,83,80,80,135,80,121,1,False
19,Rattata,Bestial,,253,30,56,35,25,35,72,1,False
20,Raticate,Bestial,,413,55,81,60,50,70,97,1,False
21,Spearow,Bestial,Air,262,40,60,30,31,31,70,1,False
22,Fearow,Bestial,Air,442,65,90,65,61,61,100,1,False
23,Ekans,Undead,,288,35,60,44,40,54,55,1,False
24,Arbok,Undead,,438,60,85,69,65,79,80,1,False
25,Pikachu,Thunder,,320,35,55,40,50,50,90,1,False
26,Raichu,Thunder,,485,60,90,55,90,80,110,1,False
27,Sandshrew,Earth,,300,50,75,85,20,30,40,1,False
28,Sandslash,Earth,,450,75,100,110,45,55,65,1,False
29,Nidoran♀,Undead,,275,55,47,52,40,40,41,1,False
30,Nidorina,Undead,,365,70,62,67,55,55,56,1,False
31,Nidoqueen,Undead,Earth,505,90,92,87,75,85,76,1,False
32,Nidoran♂,Undead,,273,46,57,40,40,40,50,1,False
33,Nidorino,Undead,,365,61,72,57,55,55,65,1,False
34,Nidoking,Undead,Earth,505,81,102,77,85,75,85,1,False
35,Clefairy,Ethereal,,323,70,45,48,60,65,35,1,False
36,Clefable,Ethereal,,483,95,70,73,95,90,60,1,False
37,Vulpix,Fire,,299,38,41,40,50,65,65,1,False
38,Ninetales,Fire,,505,73,76,75,81,100,100,1,False
39,Jigglypuff,Bestial,Ethereal,270,115,45,20,45,25,20,1,False
40,Wigglytuff,Bestial,Ethereal,435,140,70,45,85,50,45,1,False
41,Zubat,Undead,Air,245,40,45,35,30,40,55,1,False
42,Golbat,Undead,Air,455,75,80,70,65,75,90,1,False
43,Oddish,Earth,Undead,320,45,50,55,75,65,30,1,False
44,Gloom,Earth,Undead,395,60,65,70,85,75,40,1,False
45,Vileplume,Earth,Undead,490,75,80,85,110,90,50,1,False
46,Paras,Machine,Earth,285,35,70,55,45,55,25,1,False
47,Parasect,Machine,Earth,405,60,95,80,60,80,30,1,False
48,Venonat,Machine,Undead,305,60,55,50,40,55,45,1,False
49,Venomoth,Machine,Undead,450,70,65,60,90,75,90,1,False
50,Diglett,Earth,,265,10,55,25,35,45,95,1,False
51,Dugtrio,Earth,,405,35,80,50,50,70,120,1,False
52,Meowth,Bestial,,290,40,45,35,40,40,90,1,False
53,Persian,Bestial,,440,65,70,60,65,65,115,1,False
54,Psyduck,Water,,320,50,52,48,65,50,55,1,False
55,Golduck,Water,,500,80,82,78,95,80,85,1,False
56,Mankey,Machine,,305,40,80,35,35,45,70,1,False
57,Primeape,Machine,,455,65,105,60,60,70,95,1,False
58,Growlithe,Fire,,350,55,70,45,70,50,60,1,False
59,Arcanine,Fire,,555,90,110,80,100,80,95,1,False
60,Poliwag,Water,,300,40,50,40,40,40,90,1,False
61,Poliwhirl,Water,,385,65,65,65,50,50,90,1,False
62,Poliwrath,Water,Machine,510,90,95,95,70,90,70,1,False
63,Abra,Light,,310,25,20,15,105,55,90,1,False
64,Kadabra,Light,,400,40,35,30,120,70,105,1,False
65,Alakazam,Light,,500,55,50,45,135,95,120,1,False
65*,AlakazamMega Alakazam,Light,,590,55,50,65,175,95,150,1,False
66,Machop,Machine,,305,70,80,50,35,35,35,1,False
67,Machoke,Machine,,405,80,100,70,50,60,45,1,False
68,Machamp,Machine,,505,90,130,80,65,85,55,1,False
69,Bellsprout,Earth,Undead,300,50,75,35,70,30,40,1,False
70,Weepinbell,Earth,Undead,390,65,90,50,85,45,55,1,False
71,Victreebel,Earth,Undead,490,80,105,65,100,70,70,1,False
72,Tentacool,Water,Undead,335,40,40,35,50,100,70,1,False
73,Tentacruel,Water,Undead,515,80,70,65,80,120,100,1,False
74,Geodude,Earth,Earth,300,40,80,100,30,30,20,1,False
75,Graveler,Earth,Earth,390,55,95,115,45,45,35,1,False
76,Golem,Earth,Earth,495,80,120,130,55,65,45,1,False
77,Ponyta,Fire,,410,50,85,55,65,65,90,1,False
78,Rapidash,Fire,,500,65,100,70,80,80,105,1,False
79,Slowpoke,Water,Light,315,90,65,65,40,40,15,1,False
80,Slowbro,Water,Light,490,95,75,110,100,80,30,1,False
80*,SlowbroMega Slowbro,Water,Light,590,95,75,180,130,80,30,1,False
81,Magnemite,Thunder,Machine,325,25,35,70,95,55,45,1,False
82,Magneton,Thunder,Machine,465,50,60,95,120,70,70,1,False
83,Farfetch'd,Bestial,Air,352,52,65,55,58,62,60,1,False
84,Doduo,Bestial,Air,310,35,85,45,35,35,75,1,False
85,Dodrio,Bestial,Air,460,60,110,70,60,60,100,1,False
86,Seel,Water,,325,65,45,55,45,70,45,1,False
87,Dewgong,Water,Water,475,90,70,80,70,95,70,1,False
88,Grimer,Undead,,325,80,80,50,40,50,25,1,False
89,Muk,Undead,,500,105,105,75,65,100,50,1,False
90,Shellder,Water,,305,30,65,100,45,25,40,1,False
91,Cloyster,Water,Water,525,50,95,180,85,45,70,1,False
92,Gastly,Darkness,Undead,310,30,35,30,100,35,80,1,False
93,Haunter,Darkness,Undead,405,45,50,45,115,55,95,1,False
94,Gengar,Darkness,Undead,500,60,65,60,130,75,110,1,False
94*,GengarMega Gengar,Darkness,Undead,600,60,65,80,170,95,130,1,False
95,Onix,Earth,Earth,385,35,45,160,30,45,70,1,False
96,Drowzee,Light,,328,60,48,45,43,90,42,1,False
97,Hypno,Light,,483,85,73,70,73,115,67,1,False
98,Krabby,Water,,325,30,105,90,25,25,50,1,False
99,Kingler,Water,,475,55,130,115,50,50,75,1,False
100,Voltorb,Thunder,,330,40,30,50,55,55,100,1,False
101,Electrode,Thunder,,480,60,50,70,80,80,140,1,False
102,Exeggcute,Earth,Light,325,60,40,80,60,45,40,1,False
103,Exeggutor,Earth,Light,520,95,95,85,125,65,55,1,False
104,Cubone,Earth,,320,50,50,95,40,50,35,1,False
105,Marowak,Earth,,425,60,80,110,50,80,45,1,False
106,Hitmonlee,Machine,,455,50,120,53,35,110,87,1,False
107,Hitmonchan,Machine,,455,50,105,79,35,110,76,1,False
108,Lickitung,Bestial,,385,90,55,75,60,75,30,1,False
109,Koffing,Undead,,340,40,65,95,60,45,35,1,False
110,Weezing,Undead,,490,65,90,120,85,70,60,1,False
111,Rhyhorn,Earth,Earth,345,80,85,95,30,30,25,1,False
112,Rhydon,Earth,Earth,485,105,130,120,45,45,40,1,False
113,Chansey,Bestial,,450,250,5,5,35,105,50,1,False
114,Tangela,Earth,,435,65,55,115,100,40,60,1,False
115,Kangaskhan,Bestial,,490,105,95,80,40,80,90,1,False
115*,KangaskhanMega Kangaskhan,Bestial,,590,105,125,100,60,100,100,1,False
116,Horsea,Water,,295,30,40,70,70,25,60,1,False
117,Seadra,Water,,440,55,65,95,95,45,85,1,False
118,Goldeen,Water,,320,45,67,60,35,50,63,1,False
119,Seaking,Water,,450,80,92,65,65,80,68,1,False
120,Staryu,Water,,340,30,45,55,70,55,85,1,False
121,Starmie,Water,Light,520,60,75,85,100,85,115,1,False
122,Mr. Mime,Light,Ethereal,460,40,45,65,100,120,90,1,False
123,Scyther,Machine,Air,500,70,110,80,55,80,105,1,False
124,Jynx,Water,Light,455,65,50,35,115,95,95,1,False
125,Electabuzz,Thunder,,490,65,83,57,95,85,105,1,False
126,Magmar,Fire,,495,65,95,57,100,85,93,1,False
127,Pinsir,Machine,,500,65,125,100,55,70,85,1,False
127,PinsirMega Pinsir,Machine,Air,600,65,155,120,65,90,105,1,False
128,Tauros,Bestial,,490,75,100,95,40,70,110,1,False
129,Magikarp,Water,,200,20,10,55,15,20,80,1,False
130,Gyarados,Water,Air,540,95,125,79,60,100,81,1,False
130*,GyaradosMega Gyarados,Water,Darkness,640,95,155,109,70,130,81,1,False
131,Lapras,Water,Water,535,130,85,80,85,95,60,1,False
132,Ditto,Bestial,,288,48,48,48,48,48,48,1,False
133,Eevee,Bestial,,325,55,55,50,45,65,55,1,False
134,Vaporeon,Water,,525,130,65,60,110,95,65,1,False
135,Jolteon,Thunder,,525,65,65,60,110,95,130,1,False
136,Flareon,Fire,,525,65,130,60,95,110,65,1,False
137,Porygon,Bestial,,395,65,60,70,85,75,40,1,False
138,Omanyte,Earth,Water,355,35,40,100,90,55,35,1,False
139,Omastar,Earth,Water,495,70,60,125,115,70,55,1,False
140,Kabuto,Earth,Water,355,30,80,90,55,45,55,1,False
141,Kabutops,Earth,Water,495,60,115,105,65,70,80,1,False
142,Aerodactyl,Earth,Air,515,80,105,65,60,75,130,1,False
142*,AerodactylMega Aerodactyl,Earth,Air,615,80,135,85,70,95,150,1,False
143,Snorlax,Bestial,,540,160,110,65,65,110,30,1,False
144,Articuno,Water,Air,580,90,85,100,95,125,85,1,True
145,Zapdos,Thunder,Air,580,90,90,85,125,90,100,1,True
146,Moltres,Fire,Air,580,90,100,90,125,85,90,1,True
147,Dratini,Bestial,,300,41,64,45,50,50,50,1,False
148,Bestialair,Bestial,,420,61,84,65,70,70,70,1,False
149,Bestialite,Bestial,Air,600,91,134,95,100,100,80,1,False
150,Mewtwo,Light,,680,106,110,90,154,90,130,1,True
150*,MewtwoMega Mewtwo X,Light,Machine,780,106,190,100,154,100,130,1,True
150**,MewtwoMega Mewtwo Y,Light,,780,106,150,70,194,120,140,1,True
151,Mew,Light,,600,100,100,100,100,100,100,1,False
152,Chikorita,Earth,,318,45,49,65,49,65,45,2,False
153,Bayleef,Earth,,405,60,62,80,63,80,60,2,False
154,Meganium,Earth,,525,80,82,100,83,100,80,2,False
155,Cyndaquil,Fire,,309,39,52,43,60,50,65,2,False
156,Quilava,Fire,,405,58,64,58,80,65,80,2,False
157,Typhlosion,Fire,,534,78,84,78,109,85,100,2,False
158,Totodile,Water,,314,50,65,64,44,48,43,2,False
159,Croconaw,Water,,405,65,80,80,59,63,58,2,False
160,Feraligatr,Water,,530,85,105,100,79,83,78,2,False
161,Sentret,Bestial,,215,35,46,34,35,45,20,2,False
162,Furret,Bestial,,415,85,76,64,45,55,90,2,False
163,Hoothoot,Bestial,Air,262,60,30,30,36,56,50,2,False
164,Noctowl,Bestial,Air,442,100,50,50,76,96,70,2,False
165,Ledyba,Machine,Air,265,40,20,30,40,80,55,2,False
166,Ledian,Machine,Air,390,55,35,50,55,110,85,2,False
167,Spinarak,Machine,Undead,250,40,60,40,40,40,30,2,False
168,Ariados,Machine,Undead,390,70,90,70,60,60,40,2,False
169,Crobat,Undead,Air,535,85,90,80,70,80,130,2,False
170,Chinchou,Water,Thunder,330,75,38,38,56,56,67,2,False
171,Lanturn,Water,Thunder,460,125,58,58,76,76,67,2,False
172,Pichu,Thunder,,205,20,40,15,35,35,60,2,False
173,Cleffa,Ethereal,,218,50,25,28,45,55,15,2,False
174,Igglybuff,Bestial,Ethereal,210,90,30,15,40,20,15,2,False
175,Togepi,Ethereal,,245,35,20,65,40,65,20,2,False
176,Togetic,Ethereal,Air,405,55,40,85,80,105,40,2,False
177,Natu,Light,Air,320,40,50,45,70,45,70,2,False
178,Xatu,Light,Air,470,65,75,70,95,70,95,2,False
179,Mareep,Thunder,,280,55,40,40,65,45,35,2,False
180,Flaaffy,Thunder,,365,70,55,55,80,60,45,2,False
181,Ampharos,Thunder,,510,90,75,85,115,90,55,2,False
181*,AmpharosMega Ampharos,Thunder,Bestial,610,90,95,105,165,110,45,2,False
182,Bellossom,Earth,,490,75,80,95,90,100,50,2,False
183,Marill,Water,Ethereal,250,70,20,50,20,50,40,2,False
184,Azumarill,Water,Ethereal,420,100,50,80,60,80,50,2,False
185,Sudowoodo,Earth,,410,70,100,115,30,65,30,2,False
186,Politoed,Water,,500,90,75,75,90,100,70,2,False
187,Hoppip,Earth,Air,250,35,35,40,35,55,50,2,False
188,Skiploom,Earth,Air,340,55,45,50,45,65,80,2,False
189,Jumpluff,Earth,Air,460,75,55,70,55,95,110,2,False
190,Aipom,Bestial,,360,55,70,55,40,55,85,2,False
191,Sunkern,Earth,,180,30,30,30,30,30,30,2,False
192,Sunflora,Earth,,425,75,75,55,105,85,30,2,False
193,Yanma,Machine,Air,390,65,65,45,75,45,95,2,False
194,Wooper,Water,Earth,210,55,45,45,25,25,15,2,False
195,Quagsire,Water,Earth,430,95,85,85,65,65,35,2,False
196,Espeon,Light,,525,65,65,60,130,95,110,2,False
197,Umbreon,Darkness,,525,95,65,110,60,130,65,2,False
198,Murkrow,Darkness,Air,405,60,85,42,85,42,91,2,False
199,Slowking,Water,Light,490,95,75,80,100,110,30,2,False
200,Misdreavus,Darkness,,435,60,60,60,85,85,85,2,False
201,Unown,Light,,336,48,72,48,72,48,48,2,False
202,Wobbuffet,Light,,405,190,33,58,33,58,33,2,False
203,Girafarig,Bestial,Light,455,70,80,65,90,65,85,2,False
204,Pineco,Machine,,290,50,65,90,35,35,15,2,False
205,Forretress,Machine,Machine,465,75,90,140,60,60,40,2,False
206,Dunsparce,Bestial,,415,100,70,70,65,65,45,2,False
207,Gligar,Earth,Air,430,65,75,105,35,65,85,2,False
208,Steelix,Machine,Earth,510,75,85,200,55,65,30,2,False
208*,SteelixMega Steelix,Machine,Earth,610,75,125,230,55,95,30,2,False
209,Snubbull,Ethereal,,300,60,80,50,40,40,30,2,False
210,Granbull,Ethereal,,450,90,120,75,60,60,45,2,False
211,Qwilfish,Water,Undead,430,65,95,75,55,55,85,2,False
212,Scizor,Machine,Machine,500,70,130,100,55,80,65,2,False
212*,ScizorMega Scizor,Machine,Machine,600,70,150,140,65,100,75,2,False
213,Shuckle,Machine,Earth,505,20,10,230,10,230,5,2,False
214,Heracross,Machine,Machine,500,80,125,75,40,95,85,2,False
214*,HeracrossMega Heracross,Machine,Machine,600,80,185,115,40,105,75,2,False
215,Sneasel,Darkness,Water,430,55,95,55,35,75,115,2,False
216,Teddiursa,Bestial,,330,60,80,50,50,50,40,2,False
217,Ursaring,Bestial,,500,90,130,75,75,75,55,2,False
218,Slugma,Fire,,250,40,40,40,70,40,20,2,False
219,Magcargo,Fire,Earth,410,50,50,120,80,80,30,2,False
220,Swinub,Water,Earth,250,50,50,40,30,30,50,2,False
221,Piloswine,Water,Earth,450,100,100,80,60,60,50,2,False
222,Corsola,Water,Earth,380,55,55,85,65,85,35,2,False
223,Remoraid,Water,,300,35,65,35,65,35,65,2,False
224,Octillery,Water,,480,75,105,75,105,75,45,2,False
225,Delibird,Water,Air,330,45,55,45,65,45,75,2,False
226,Mantine,Water,Air,465,65,40,70,80,140,70,2,False
227,Skarmory,Machine,Air,465,65,80,140,40,70,70,2,False
228,Houndour,Darkness,Fire,330,45,60,30,80,50,65,2,False
229,Houndoom,Darkness,Fire,500,75,90,50,110,80,95,2,False
229*,HoundoomMega Houndoom,Darkness,Fire,600,75,90,90,140,90,115,2,False
230,Kingdra,Water,Bestial,540,75,95,95,95,95,85,2,False
231,Phanpy,Earth,,330,90,60,60,40,40,40,2,False
232,Donphan,Earth,,500,90,120,120,60,60,50,2,False
233,Porygon2,Bestial,,515,85,80,90,105,95,60,2,False
234,Stantler,Bestial,,465,73,95,62,85,65,85,2,False
235,Smeargle,Bestial,,250,55,20,35,20,45,75,2,False
236,Tyrogue,Machine,,210,35,35,35,35,35,35,2,False
237,Hitmontop,Machine,,455,50,95,95,35,110,70,2,False
238,Smoochum,Water,Light,305,45,30,15,85,65,65,2,False
239,Elekid,Thunder,,360,45,63,37,65,55,95,2,False
240,Magby,Fire,,365,45,75,37,70,55,83,2,False
241,Miltank,Bestial,,490,95,80,105,40,70,100,2,False
242,Blissey,Bestial,,540,255,10,10,75,135,55,2,False
243,Raikou,Thunder,,580,90,85,75,115,100,115,2,True
244,Entei,Fire,,580,115,115,85,90,75,100,2,True
245,Suicune,Water,,580,100,75,115,90,115,85,2,True
246,Larvitar,Earth,Earth,300,50,64,50,45,50,41,2,False
247,Pupitar,Earth,Earth,410,70,84,70,65,70,51,2,False
248,Tyranitar,Earth,Darkness,600,100,134,110,95,100,61,2,False
248*,TyranitarMega Tyranitar,Earth,Darkness,700,100,164,150,95,120,71,2,False
249,Lugia,Light,Air,680,106,90,130,90,154,110,2,True
250,Ho-oh,Fire,Air,680,106,130,90,110,154,90,2,True
251,Celebi,Light,Earth,600,100,100,100,100,100,100,2,False
252,Treecko,Earth,,310,40,45,35,65,55,70,3,False
253,Grovyle,Earth,,405,50,65,45,85,65,95,3,False
254,Sceptile,Earth,,530,70,85,65,105,85,120,3,False
254*,SceptileMega Sceptile,Earth,Bestial,630,70,110,75,145,85,145,3,False
255,Torchic,Fire,,310,45,60,40,70,50,45,3,False
256,Combusken,Fire,Machine,405,60,85,60,85,60,55,3,False
257,Blaziken,Fire,Machine,530,80,120,70,110,70,80,3,False
257*,BlazikenMega Blaziken,Fire,Machine,630,80,160,80,130,80,100,3,False
258,Mudkip,Water,,310,50,70,50,50,50,40,3,False
259,Marshtomp,Water,Earth,405,70,85,70,60,70,50,3,False
260,Swampert,Water,Earth,535,100,110,90,85,90,60,3,False
260*,SwampertMega Swampert,Water,Earth,635,100,150,110,95,110,70,3,False
261,Poochyena,Darkness,,220,35,55,35,30,30,35,3,False
262,Mightyena,Darkness,,420,70,90,70,60,60,70,3,False
263,Zigzagoon,Bestial,,240,38,30,41,30,41,60,3,False
264,Linoone,Bestial,,420,78,70,61,50,61,100,3,False
265,Wurmple,Machine,,195,45,45,35,20,30,20,3,False
266,Silcoon,Machine,,205,50,35,55,25,25,15,3,False
267,Beautifly,Machine,Air,395,60,70,50,100,50,65,3,False
268,Cascoon,Machine,,205,50,35,55,25,25,15,3,False
269,Dustox,Machine,Undead,385,60,50,70,50,90,65,3,False
270,Lotad,Water,Earth,220,40,30,30,40,50,30,3,False
271,Lombre,Water,Earth,340,60,50,50,60,70,50,3,False
272,Ludicolo,Water,Earth,480,80,70,70,90,100,70,3,False
273,Seedot,Earth,,220,40,40,50,30,30,30,3,False
274,Nuzleaf,Earth,Darkness,340,70,70,40,60,40,60,3,False
275,Shiftry,Earth,Darkness,480,90,100,60,90,60,80,3,False
276,Taillow,Bestial,Air,270,40,55,30,30,30,85,3,False
277,Swellow,Bestial,Air,430,60,85,60,50,50,125,3,False
278,Wingull,Water,Air,270,40,30,30,55,30,85,3,False
279,Pelipper,Water,Air,430,60,50,100,85,70,65,3,False
280,Ralts,Light,Ethereal,198,28,25,25,45,35,40,3,False
281,Kirlia,Light,Ethereal,278,38,35,35,65,55,50,3,False
282,Gardevoir,Light,Ethereal,518,68,65,65,125,115,80,3,False
282*,GardevoirMega Gardevoir,Light,Ethereal,618,68,85,65,165,135,100,3,False
283,Surskit,Machine,Water,269,40,30,32,50,52,65,3,False
284,Masquerain,Machine,Air,414,70,60,62,80,82,60,3,False
285,Shroomish,Earth,,295,60,40,60,40,60,35,3,False
286,Breloom,Earth,Machine,460,60,130,80,60,60,70,3,False
287,Slakoth,Bestial,,280,60,60,60,35,35,30,3,False
288,Vigoroth,Bestial,,440,80,80,80,55,55,90,3,False
289,Slaking,Bestial,,670,150,160,100,95,65,100,3,False
290,Nincada,Machine,Earth,266,31,45,90,30,30,40,3,False
291,Ninjask,Machine,Air,456,61,90,45,50,50,160,3,False
292,Shedinja,Machine,Darkness,236,1,90,45,30,30,40,3,False
293,Whismur,Bestial,,240,64,51,23,51,23,28,3,False
294,Loudred,Bestial,,360,84,71,43,71,43,48,3,False
295,Exploud,Bestial,,490,104,91,63,91,73,68,3,False
296,Makuhita,Machine,,237,72,60,30,20,30,25,3,False
297,Hariyama,Machine,,474,144,120,60,40,60,50,3,False
298,Azurill,Bestial,Ethereal,190,50,20,40,20,40,20,3,False
299,Nosepass,Earth,,375,30,45,135,45,90,30,3,False
300,Skitty,Bestial,,260,50,45,45,35,35,50,3,False
301,Delcatty,Bestial,,380,70,65,65,55,55,70,3,False
302,Sableye,Darkness,Darkness,380,50,75,75,65,65,50,3,False
302*,SableyeMega Sableye,Darkness,Darkness,480,50,85,125,85,115,20,3,False
303,Mawile,Machine,Ethereal,380,50,85,85,55,55,50,3,False
303*,MawileMega Mawile,Machine,Ethereal,480,50,105,125,55,95,50,3,False
304,Aron,Machine,Earth,330,50,70,100,40,40,30,3,False
305,Lairon,Machine,Earth,430,60,90,140,50,50,40,3,False
306,Aggron,Machine,Earth,530,70,110,180,60,60,50,3,False
306*,AggronMega Aggron,Machine,,630,70,140,230,60,80,50,3,False
307,Meditite,Machine,Light,280,30,40,55,40,55,60,3,False
308,Medicham,Machine,Light,410,60,60,75,60,75,80,3,False
308*,MedichamMega Medicham,Machine,Light,510,60,100,85,80,85,100,3,False
309,Electrike,Thunder,,295,40,45,40,65,40,65,3,False
310,Manectric,Thunder,,475,70,75,60,105,60,105,3,False
310*,ManectricMega Manectric,Thunder,,575,70,75,80,135,80,135,3,False
311,Plusle,Thunder,,405,60,50,40,85,75,95,3,False
312,Minun,Thunder,,405,60,40,50,75,85,95,3,False
313,Volbeat,Machine,,400,65,73,55,47,75,85,3,False
314,Illumise,Machine,,400,65,47,55,73,75,85,3,False
315,Roselia,Earth,Undead,400,50,60,45,100,80,65,3,False
316,Gulpin,Undead,,302,70,43,53,43,53,40,3,False
317,Swalot,Undead,,467,100,73,83,73,83,55,3,False
318,Carvanha,Water,Darkness,305,45,90,20,65,20,65,3,False
319,Sharpedo,Water,Darkness,460,70,120,40,95,40,95,3,False
319*,SharpedoMega Sharpedo,Water,Darkness,560,70,140,70,110,65,105,3,False
320,Wailmer,Water,,400,130,70,35,70,35,60,3,False
321,Wailord,Water,,500,170,90,45,90,45,60,3,False
322,Numel,Fire,Earth,305,60,60,40,65,45,35,3,False
323,Camerupt,Fire,Earth,460,70,100,70,105,75,40,3,False
323*,CameruptMega Camerupt,Fire,Earth,560,70,120,100,145,105,20,3,False
324,Torkoal,Fire,,470,70,85,140,85,70,20,3,False
325,Spoink,Light,,330,60,25,35,70,80,60,3,False
326,Grumpig,Light,,470,80,45,65,90,110,80,3,False
327,Spinda,Bestial,,360,60,60,60,60,60,60,3,False
328,Trapinch,Earth,,290,45,100,45,45,45,10,3,False
329,Vibrava,Earth,Bestial,340,50,70,50,50,50,70,3,False
330,Flygon,Earth,Bestial,520,80,100,80,80,80,100,3,False
331,Cacnea,Earth,,335,50,85,40,85,40,35,3,False
332,Cacturne,Earth,Darkness,475,70,115,60,115,60,55,3,False
333,Swablu,Bestial,Air,310,45,40,60,40,75,50,3,False
334,Altaria,Bestial,Air,490,75,70,90,70,105,80,3,False
334*,AltariaMega Altaria,Bestial,Ethereal,590,75,110,110,110,105,80,3,False
335,Zangoose,Bestial,,458,73,115,60,60,60,90,3,False
336,Seviper,Undead,,458,73,100,60,100,60,65,3,False
337,Lunatone,Earth,Light,440,70,55,65,95,85,70,3,False
338,SolEarth,Earth,Light,440,70,95,85,55,65,70,3,False
339,Barboach,Water,Earth,288,50,48,43,46,41,60,3,False
340,Whiscash,Water,Earth,468,110,78,73,76,71,60,3,False
341,Corphish,Water,,308,43,80,65,50,35,35,3,False
342,Crawdaunt,Water,Darkness,468,63,120,85,90,55,55,3,False
343,Baltoy,Earth,Light,300,40,40,55,40,70,55,3,False
344,Claydol,Earth,Light,500,60,70,105,70,120,75,3,False
345,Lileep,Earth,Earth,355,66,41,77,61,87,23,3,False
346,Cradily,Earth,Earth,495,86,81,97,81,107,43,3,False
347,Anorith,Earth,Machine,355,45,95,50,40,50,75,3,False
348,Armaldo,Earth,Machine,495,75,125,100,70,80,45,3,False
349,Feebas,Water,,200,20,15,20,10,55,80,3,False
350,Milotic,Water,,540,95,60,79,100,125,81,3,False
351,Castform,Bestial,,420,70,70,70,70,70,70,3,False
352,Kecleon,Bestial,,440,60,90,70,60,120,40,3,False
353,Shuppet,Darkness,,295,44,75,35,63,33,45,3,False
354,Banette,Darkness,,455,64,115,65,83,63,65,3,False
354*,BanetteMega Banette,Darkness,,555,64,165,75,93,83,75,3,False
355,Duskull,Darkness,,295,20,40,90,30,90,25,3,False
356,Dusclops,Darkness,,455,40,70,130,60,130,25,3,False
357,Tropius,Earth,Air,460,99,68,83,72,87,51,3,False
358,Chimecho,Light,,425,65,50,70,95,80,65,3,False
359,Absol,Darkness,,465,65,130,60,75,60,75,3,False
359*,AbsolMega Absol,Darkness,,565,65,150,60,115,60,115,3,False
360,Wynaut,Light,,260,95,23,48,23,48,23,3,False
361,Snorunt,Water,,300,50,50,50,50,50,50,3,False
362,Glalie,Water,,480,80,80,80,80,80,80,3,False
362*,GlalieMega Glalie,Water,,580,80,120,80,120,80,100,3,False
363,Spheal,Water,Water,290,70,40,50,55,50,25,3,False
364,Sealeo,Water,Water,410,90,60,70,75,70,45,3,False
365,Walrein,Water,Water,530,110,80,90,95,90,65,3,False
366,Clamperl,Water,,345,35,64,85,74,55,32,3,False
367,Huntail,Water,,485,55,104,105,94,75,52,3,False
368,Gorebyss,Water,,485,55,84,105,114,75,52,3,False
369,Relicanth,Water,Earth,485,100,90,130,45,65,55,3,False
370,Luvdisc,Water,,330,43,30,55,40,65,97,3,False
371,Bagon,Bestial,,300,45,75,60,40,30,50,3,False
372,Shelgon,Bestial,,420,65,95,100,60,50,50,3,False
373,Salamence,Bestial,Air,600,95,135,80,110,80,100,3,False
373*,SalamenceMega Salamence,Bestial,Air,700,95,145,130,120,90,120,3,False
374,Beldum,Machine,Light,300,40,55,80,35,60,30,3,False
375,Metang,Machine,Light,420,60,75,100,55,80,50,3,False
376,Metagross,Machine,Light,600,80,135,130,95,90,70,3,False
376*,MetagrossMega Metagross,Machine,Light,700,80,145,150,105,110,110,3,False
377,RegiEarth,Earth,,580,80,100,200,50,100,50,3,True
378,Regice,Water,,580,80,50,100,100,200,50,3,True
379,RegiMachine,Machine,,580,80,75,150,75,150,50,3,True
380,Latias,Bestial,Light,600,80,80,90,110,130,110,3,True
380*,LatiasMega Latias,Bestial,Light,700,80,100,120,140,150,110,3,True
381,Latios,Bestial,Light,600,80,90,80,130,110,110,3,True
381*,LatiosMega Latios,Bestial,Light,700,80,130,100,160,120,110,3,True
382,Kyogre,Water,,670,100,100,90,150,140,90,3,True
382*,KyogrePrimal Kyogre,Water,,770,100,150,90,180,160,90,3,True
383,Groudon,Earth,,670,100,150,140,100,90,90,3,True
383*,GroudonPrimal Groudon,Earth,Fire,770,100,180,160,150,90,90,3,True
384,Rayquaza,Bestial,Air,680,105,150,90,150,90,95,3,True
384*,RayquazaMega Rayquaza,Bestial,Air,780,105,180,100,180,100,115,3,True
385,Jirachi,Machine,Light,600,100,100,100,100,100,100,3,True
386,DeoxysBestial Forme,Light,,600,50,150,50,150,50,150,3,True
386*,DeoxysAttack Forme,Light,,600,50,180,20,180,20,150,3,True
386**,DeoxysDefense Forme,Light,,600,50,70,160,70,160,90,3,True
386***,DeoxysSpeed Forme,Light,,600,50,95,90,95,90,180,3,True
387,Turtwig,Earth,,318,55,68,64,45,55,31,4,False
388,Grotle,Earth,,405,75,89,85,55,65,36,4,False
389,Torterra,Earth,Earth,525,95,109,105,75,85,56,4,False
390,Chimchar,Fire,,309,44,58,44,58,44,61,4,False
391,Monferno,Fire,Machine,405,64,78,52,78,52,81,4,False
392,Infernape,Fire,Machine,534,76,104,71,104,71,108,4,False
393,Piplup,Water,,314,53,51,53,61,56,40,4,False
394,Prinplup,Water,,405,64,66,68,81,76,50,4,False
395,Empoleon,Water,Machine,530,84,86,88,111,101,60,4,False
396,Starly,Bestial,Air,245,40,55,30,30,30,60,4,False
397,Staravia,Bestial,Air,340,55,75,50,40,40,80,4,False
398,Staraptor,Bestial,Air,485,85,120,70,50,60,100,4,False
399,Bidoof,Bestial,,250,59,45,40,35,40,31,4,False
400,Bibarel,Bestial,Water,410,79,85,60,55,60,71,4,False
401,Kricketot,Machine,,194,37,25,41,25,41,25,4,False
402,Kricketune,Machine,,384,77,85,51,55,51,65,4,False
403,Shinx,Thunder,,263,45,65,34,40,34,45,4,False
404,Luxio,Thunder,,363,60,85,49,60,49,60,4,False
405,Luxray,Thunder,,523,80,120,79,95,79,70,4,False
406,Budew,Earth,Undead,280,40,30,35,50,70,55,4,False
407,Roserade,Earth,Undead,515,60,70,65,125,105,90,4,False
408,Cranidos,Earth,,350,67,125,40,30,30,58,4,False
409,Rampardos,Earth,,495,97,165,60,65,50,58,4,False
410,Shieldon,Earth,Machine,350,30,42,118,42,88,30,4,False
411,Bastiodon,Earth,Machine,495,60,52,168,47,138,30,4,False
412,Burmy,Machine,,224,40,29,45,29,45,36,4,False
413,WormadamPlant Cloak,Machine,Earth,424,60,59,85,79,105,36,4,False
413*,WormadamSandy Cloak,Machine,Earth,424,60,79,105,59,85,36,4,False
413**,WormadamTrash Cloak,Machine,Machine,424,60,69,95,69,95,36,4,False
414,Mothim,Machine,Air,424,70,94,50,94,50,66,4,False
415,Combee,Machine,Air,244,30,30,42,30,42,70,4,False
416,Vespiquen,Machine,Air,474,70,80,102,80,102,40,4,False
417,Pachirisu,Thunder,,405,60,45,70,45,90,95,4,False
418,Buizel,Water,,330,55,65,35,60,30,85,4,False
419,Floatzel,Water,,495,85,105,55,85,50,115,4,False
420,Cherubi,Earth,,275,45,35,45,62,53,35,4,False
421,Cherrim,Earth,,450,70,60,70,87,78,85,4,False
422,Shellos,Water,,325,76,48,48,57,62,34,4,False
423,Gastrodon,Water,Earth,475,111,83,68,92,82,39,4,False
424,Ambipom,Bestial,,482,75,100,66,60,66,115,4,False
425,Drifloon,Darkness,Air,348,90,50,34,60,44,70,4,False
426,Drifblim,Darkness,Air,498,150,80,44,90,54,80,4,False
427,Buneary,Bestial,,350,55,66,44,44,56,85,4,False
428,Lopunny,Bestial,,480,65,76,84,54,96,105,4,False
428*,LopunnyMega Lopunny,Bestial,Machine,580,65,136,94,54,96,135,4,False
429,Mismagius,Darkness,,495,60,60,60,105,105,105,4,False
430,Honchkrow,Darkness,Air,505,100,125,52,105,52,71,4,False
431,Glameow,Bestial,,310,49,55,42,42,37,85,4,False
432,Purugly,Bestial,,452,71,82,64,64,59,112,4,False
433,Chingling,Light,,285,45,30,50,65,50,45,4,False
434,Stunky,Undead,Darkness,329,63,63,47,41,41,74,4,False
435,Skuntank,Undead,Darkness,479,103,93,67,71,61,84,4,False
436,Bronzor,Machine,Light,300,57,24,86,24,86,23,4,False
437,Bronzong,Machine,Light,500,67,89,116,79,116,33,4,False
438,Bonsly,Earth,,290,50,80,95,10,45,10,4,False
439,Mime Jr.,Light,Ethereal,310,20,25,45,70,90,60,4,False
440,Happiny,Bestial,,220,100,5,5,15,65,30,4,False
441,Chatot,Bestial,Air,411,76,65,45,92,42,91,4,False
442,Spiritomb,Darkness,Darkness,485,50,92,108,92,108,35,4,False
443,Gible,Bestial,Earth,300,58,70,45,40,45,42,4,False
444,Gabite,Bestial,Earth,410,68,90,65,50,55,82,4,False
445,Garchomp,Bestial,Earth,600,108,130,95,80,85,102,4,False
445*,GarchompMega Garchomp,Bestial,Earth,700,108,170,115,120,95,92,4,False
446,Munchlax,Bestial,,390,135,85,40,40,85,5,4,False
447,Riolu,Machine,,285,40,70,40,35,40,60,4,False
448,Lucario,Machine,Machine,525,70,110,70,115,70,90,4,False
448*,LucarioMega Lucario,Machine,Machine,625,70,145,88,140,70,112,4,False
449,Hippopotas,Earth,,330,68,72,78,38,42,32,4,False
450,Hippowdon,Earth,,525,108,112,118,68,72,47,4,False
451,Skorupi,Undead,Machine,330,40,50,90,30,55,65,4,False
452,Drapion,Undead,Darkness,500,70,90,110,60,75,95,4,False
453,Croagunk,Undead,Machine,300,48,61,40,61,40,50,4,False
454,Toxicroak,Undead,Machine,490,83,106,65,86,65,85,4,False
455,Carnivine,Earth,,454,74,100,72,90,72,46,4,False
456,Finneon,Water,,330,49,49,56,49,61,66,4,False
457,Lumineon,Water,,460,69,69,76,69,86,91,4,False
458,Mantyke,Water,Air,345,45,20,50,60,120,50,4,False
459,Snover,Earth,Water,334,60,62,50,62,60,40,4,False
460,Abomasnow,Earth,Water,494,90,92,75,92,85,60,4,False
460*,AbomasnowMega Abomasnow,Earth,Water,594,90,132,105,132,105,30,4,False
461,Weavile,Darkness,Water,510,70,120,65,45,85,125,4,False
462,Magnezone,Thunder,Machine,535,70,70,115,130,90,60,4,False
463,Lickilicky,Bestial,,515,110,85,95,80,95,50,4,False
464,Rhyperior,Earth,Earth,535,115,140,130,55,55,40,4,False
465,Tangrowth,Earth,,535,100,100,125,110,50,50,4,False
466,Electivire,Thunder,,540,75,123,67,95,85,95,4,False
467,Magmortar,Fire,,540,75,95,67,125,95,83,4,False
468,Togekiss,Ethereal,Air,545,85,50,95,120,115,80,4,False
469,Yanmega,Machine,Air,515,86,76,86,116,56,95,4,False
470,Leafeon,Earth,,525,65,110,130,60,65,95,4,False
471,Glaceon,Water,,525,65,60,110,130,95,65,4,False
472,Gliscor,Earth,Air,510,75,95,125,45,75,95,4,False
473,Mamoswine,Water,Earth,530,110,130,80,70,60,80,4,False
474,Porygon-Z,Bestial,,535,85,80,70,135,75,90,4,False
475,Gallade,Light,Machine,518,68,125,65,65,115,80,4,False
475*,GalladeMega Gallade,Light,Machine,618,68,165,95,65,115,110,4,False
476,Probopass,Earth,Machine,525,60,55,145,75,150,40,4,False
477,Dusknoir,Darkness,,525,45,100,135,65,135,45,4,False
478,Froslass,Water,Darkness,480,70,80,70,80,70,110,4,False
479,Rotom,Thunder,Darkness,440,50,50,77,95,77,91,4,False
479*,RotomHeat Rotom,Thunder,Fire,520,50,65,107,105,107,86,4,False
479**,RotomWash Rotom,Thunder,Water,520,50,65,107,105,107,86,4,False
479***,RotomFrost Rotom,Thunder,Water,520,50,65,107,105,107,86,4,False
479****,RotomFan Rotom,Thunder,Air,520,50,65,107,105,107,86,4,False
479*****,RotomMow Rotom,Thunder,Earth,520,50,65,107,105,107,86,4,False
480,Uxie,Light,,580,75,75,130,75,130,95,4,True
481,Mesprit,Light,,580,80,105,105,105,105,80,4,True
482,Azelf,Light,,580,75,125,70,125,70,115,4,True
483,Dialga,Machine,Bestial,680,100,120,120,150,100,90,4,True
484,Palkia,Water,Bestial,680,90,120,100,150,120,100,4,True
485,Heatran,Fire,Machine,600,91,90,106,130,106,77,4,True
486,Regigigas,Bestial,,670,110,160,110,80,110,100,4,True
487,GiratinaAltered Forme,Darkness,Bestial,680,150,100,120,100,120,90,4,True
487*,GiratinaOrigin Forme,Darkness,Bestial,680,150,120,100,120,100,90,4,True
488,Cresselia,Light,,600,120,70,120,75,130,85,4,False
489,Phione,Water,,480,80,80,80,80,80,80,4,False
490,Manaphy,Water,,600,100,100,100,100,100,100,4,False
491,Darknessrai,Darkness,,600,70,90,90,135,90,125,4,True
492,ShayminLand Forme,Earth,,600,100,100,100,100,100,100,4,True
492*,ShayminSky Forme,Earth,Air,600,100,103,75,120,75,127,4,True
493,Arceus,Bestial,,720,120,120,120,120,120,120,4,True
494,Victini,Light,Fire,600,100,100,100,100,100,100,5,True
495,Snivy,Earth,,308,45,45,55,45,55,63,5,False
496,Servine,Earth,,413,60,60,75,60,75,83,5,False
497,Serperior,Earth,,528,75,75,95,75,95,113,5,False
498,Tepig,Fire,,308,65,63,45,45,45,45,5,False
499,Pignite,Fire,Machine,418,90,93,55,70,55,55,5,False
500,Emboar,Fire,Machine,528,110,123,65,100,65,65,5,False
501,Oshawott,Water,,308,55,55,45,63,45,45,5,False
502,Dewott,Water,,413,75,75,60,83,60,60,5,False
503,Samurott,Water,,528,95,100,85,108,70,70,5,False
504,Patrat,Bestial,,255,45,55,39,35,39,42,5,False
505,Watchog,Bestial,,420,60,85,69,60,69,77,5,False
506,Lillipup,Bestial,,275,45,60,45,25,45,55,5,False
507,Herdier,Bestial,,370,65,80,65,35,65,60,5,False
508,Stoutland,Bestial,,500,85,110,90,45,90,80,5,False
509,Purrloin,Darkness,,281,41,50,37,50,37,66,5,False
510,Liepard,Darkness,,446,64,88,50,88,50,106,5,False
511,Pansage,Earth,,316,50,53,48,53,48,64,5,False
512,Simisage,Earth,,498,75,98,63,98,63,101,5,False
513,Pansear,Fire,,316,50,53,48,53,48,64,5,False
514,Simisear,Fire,,498,75,98,63,98,63,101,5,False
515,Panpour,Water,,316,50,53,48,53,48,64,5,False
516,Simipour,Water,,498,75,98,63,98,63,101,5,False
517,Munna,Light,,292,76,25,45,67,55,24,5,False
518,Musharna,Light,,487,116,55,85,107,95,29,5,False
519,Pidove,Bestial,Air,264,50,55,50,36,30,43,5,False
520,Tranquill,Bestial,Air,358,62,77,62,50,42,65,5,False
521,Unfezant,Bestial,Air,488,80,115,80,65,55,93,5,False
522,Blitzle,Thunder,,295,45,60,32,50,32,76,5,False
523,Zebstrika,Thunder,,497,75,100,63,80,63,116,5,False
524,Roggenrola,Earth,,280,55,75,85,25,25,15,5,False
525,Boldore,Earth,,390,70,105,105,50,40,20,5,False
526,Gigalith,Earth,,515,85,135,130,60,80,25,5,False
527,Woobat,Light,Air,313,55,45,43,55,43,72,5,False
528,Swoobat,Light,Air,425,67,57,55,77,55,114,5,False
529,Drilbur,Earth,,328,60,85,40,30,45,68,5,False
530,Excadrill,Earth,Machine,508,110,135,60,50,65,88,5,False
531,Audino,Bestial,,445,103,60,86,60,86,50,5,False
531*,AudinoMega Audino,Bestial,Ethereal,545,103,60,126,80,126,50,5,False
532,Timburr,Machine,,305,75,80,55,25,35,35,5,False
533,Gurdurr,Machine,,405,85,105,85,40,50,40,5,False
534,Conkeldurr,Machine,,505,105,140,95,55,65,45,5,False
535,Tympole,Water,,294,50,50,40,50,40,64,5,False
536,Palpitoad,Water,Earth,384,75,65,55,65,55,69,5,False
537,Seismitoad,Water,Earth,509,105,95,75,85,75,74,5,False
538,Throh,Machine,,465,120,100,85,30,85,45,5,False
539,Sawk,Machine,,465,75,125,75,30,75,85,5,False
540,Sewaddle,Machine,Earth,310,45,53,70,40,60,42,5,False
541,Swadloon,Machine,Earth,380,55,63,90,50,80,42,5,False
542,Leavanny,Machine,Earth,500,75,103,80,70,80,92,5,False
543,Venipede,Machine,Undead,260,30,45,59,30,39,57,5,False
544,Whirlipede,Machine,Undead,360,40,55,99,40,79,47,5,False
545,Scolipede,Machine,Undead,485,60,100,89,55,69,112,5,False
546,Cottonee,Earth,Ethereal,280,40,27,60,37,50,66,5,False
547,Whimsicott,Earth,Ethereal,480,60,67,85,77,75,116,5,False
548,Petilil,Earth,,280,45,35,50,70,50,30,5,False
549,Lilligant,Earth,,480,70,60,75,110,75,90,5,False
550,Basculin,Water,,460,70,92,65,80,55,98,5,False
551,Sandile,Earth,Darkness,292,50,72,35,35,35,65,5,False
552,Krokorok,Earth,Darkness,351,60,82,45,45,45,74,5,False
553,Krookodile,Earth,Darkness,519,95,117,80,65,70,92,5,False
554,Darumaka,Fire,,315,70,90,45,15,45,50,5,False
555,DarmanitanStandard Mode,Fire,,480,105,140,55,30,55,95,5,False
555*,DarmanitanZen Mode,Fire,Light,540,105,30,105,140,105,55,5,False
556,Maractus,Earth,,461,75,86,67,106,67,60,5,False
557,Dwebble,Machine,Earth,325,50,65,85,35,35,55,5,False
558,Crustle,Machine,Earth,475,70,95,125,65,75,45,5,False
559,Scraggy,Darkness,Machine,348,50,75,70,35,70,48,5,False
560,Scrafty,Darkness,Machine,488,65,90,115,45,115,58,5,False
561,Sigilyph,Light,Air,490,72,58,80,103,80,97,5,False
562,Yamask,Darkness,,303,38,30,85,55,65,30,5,False
563,Cofagrigus,Darkness,,483,58,50,145,95,105,30,5,False
564,Tirtouga,Water,Earth,355,54,78,103,53,45,22,5,False
565,Carracosta,Water,Earth,495,74,108,133,83,65,32,5,False
566,Archen,Earth,Air,401,55,112,45,74,45,70,5,False
567,Archeops,Earth,Air,567,75,140,65,112,65,110,5,False
568,Trubbish,Undead,,329,50,50,62,40,62,65,5,False
569,Garbodor,Undead,,474,80,95,82,60,82,75,5,False
570,Zorua,Darkness,,330,40,65,40,80,40,65,5,False
571,Zoroark,Darkness,,510,60,105,60,120,60,105,5,False
572,Minccino,Bestial,,300,55,50,40,40,40,75,5,False
573,Cinccino,Bestial,,470,75,95,60,65,60,115,5,False
574,Gothita,Light,,290,45,30,50,55,65,45,5,False
575,Gothorita,Light,,390,60,45,70,75,85,55,5,False
576,Gothitelle,Light,,490,70,55,95,95,110,65,5,False
577,Solosis,Light,,290,45,30,40,105,50,20,5,False
578,Duosion,Light,,370,65,40,50,125,60,30,5,False
579,Reuniclus,Light,,490,110,65,75,125,85,30,5,False
580,Ducklett,Water,Air,305,62,44,50,44,50,55,5,False
581,Swanna,Water,Air,473,75,87,63,87,63,98,5,False
582,Vanillite,Water,,305,36,50,50,65,60,44,5,False
583,Vanillish,Water,,395,51,65,65,80,75,59,5,False
584,Vanilluxe,Water,,535,71,95,85,110,95,79,5,False
585,Deerling,Bestial,Earth,335,60,60,50,40,50,75,5,False
586,Sawsbuck,Bestial,Earth,475,80,100,70,60,70,95,5,False
587,Emolga,Thunder,Air,428,55,75,60,75,60,103,5,False
588,Karrablast,Machine,,315,50,75,45,40,45,60,5,False
589,Escavalier,Machine,Machine,495,70,135,105,60,105,20,5,False
590,Foongus,Earth,Undead,294,69,55,45,55,55,15,5,False
591,Amoonguss,Earth,Undead,464,114,85,70,85,80,30,5,False
592,Frillish,Water,Darkness,335,55,40,50,65,85,40,5,False
593,Jellicent,Water,Darkness,480,100,60,70,85,105,60,5,False
594,Alomomola,Water,,470,165,75,80,40,45,65,5,False
595,Joltik,Machine,Thunder,319,50,47,50,57,50,65,5,False
596,Galvantula,Machine,Thunder,472,70,77,60,97,60,108,5,False
597,Ferroseed,Earth,Machine,305,44,50,91,24,86,10,5,False
598,Ferrothorn,Earth,Machine,489,74,94,131,54,116,20,5,False
599,Klink,Machine,,300,40,55,70,45,60,30,5,False
600,Klang,Machine,,440,60,80,95,70,85,50,5,False
601,Klinklang,Machine,,520,60,100,115,70,85,90,5,False
602,Tynamo,Thunder,,275,35,55,40,45,40,60,5,False
603,Eelektrik,Thunder,,405,65,85,70,75,70,40,5,False
604,Eelektross,Thunder,,515,85,115,80,105,80,50,5,False
605,Elgyem,Light,,335,55,55,55,85,55,30,5,False
606,Beheeyem,Light,,485,75,75,75,125,95,40,5,False
607,Litwick,Darkness,Fire,275,50,30,55,65,55,20,5,False
608,Lampent,Darkness,Fire,370,60,40,60,95,60,55,5,False
609,Chandelure,Darkness,Fire,520,60,55,90,145,90,80,5,False
610,Axew,Bestial,,320,46,87,60,30,40,57,5,False
611,Fraxure,Bestial,,410,66,117,70,40,50,67,5,False
612,Haxorus,Bestial,,540,76,147,90,60,70,97,5,False
613,Cubchoo,Water,,305,55,70,40,60,40,40,5,False
614,Beartic,Water,,485,95,110,80,70,80,50,5,False
615,Cryogonal,Water,,485,70,50,30,95,135,105,5,False
616,Shelmet,Machine,,305,50,40,85,40,65,25,5,False
617,Accelgor,Machine,,495,80,70,40,100,60,145,5,False
618,Stunfisk,Earth,Thunder,471,109,66,84,81,99,32,5,False
619,Mienfoo,Machine,,350,45,85,50,55,50,65,5,False
620,Mienshao,Machine,,510,65,125,60,95,60,105,5,False
621,Druddigon,Bestial,,485,77,120,90,60,90,48,5,False
622,Golett,Earth,Darkness,303,59,74,50,35,50,35,5,False
623,Golurk,Earth,Darkness,483,89,124,80,55,80,55,5,False
624,Pawniard,Darkness,Machine,340,45,85,70,40,40,60,5,False
625,Bisharp,Darkness,Machine,490,65,125,100,60,70,70,5,False
626,Bouffalant,Bestial,,490,95,110,95,40,95,55,5,False
627,Rufflet,Bestial,Air,350,70,83,50,37,50,60,5,False
628,Braviary,Bestial,Air,510,100,123,75,57,75,80,5,False
629,Vullaby,Darkness,Air,370,70,55,75,45,65,60,5,False
630,Mandibuzz,Darkness,Air,510,110,65,105,55,95,80,5,False
631,Heatmor,Fire,,484,85,97,66,105,66,65,5,False
632,Durant,Machine,Machine,484,58,109,112,48,48,109,5,False
633,Deino,Darkness,Bestial,300,52,65,50,45,50,38,5,False
634,Zweilous,Darkness,Bestial,420,72,85,70,65,70,58,5,False
635,Hydreigon,Darkness,Bestial,600,92,105,90,125,90,98,5,False
636,Larvesta,Machine,Fire,360,55,85,55,50,55,60,5,False
637,Volcarona,Machine,Fire,550,85,60,65,135,105,100,5,False
638,Cobalion,Machine,Machine,580,91,90,129,90,72,108,5,True
639,Terrakion,Earth,Machine,580,91,129,90,72,90,108,5,True
640,Virizion,Earth,Machine,580,91,90,72,90,129,108,5,True
641,TornadusIncarnate Forme,Air,,580,79,115,70,125,80,111,5,True
641*,TornadusTherian Forme,Air,,580,79,100,80,110,90,121,5,True
642,ThundurusIncarnate Forme,Thunder,Air,580,79,115,70,125,80,111,5,True
642*,ThundurusTherian Forme,Thunder,Air,580,79,105,70,145,80,101,5,True
643,Reshiram,Bestial,Fire,680,100,120,100,150,120,90,5,True
644,Zekrom,Bestial,Thunder,680,100,150,120,120,100,90,5,True
645,LandorusIncarnate Forme,Earth,Air,600,89,125,90,115,80,101,5,True
645*,LandorusTherian Forme,Earth,Air,600,89,145,90,105,80,91,5,True
646,Kyurem,Bestial,Water,660,125,130,90,130,90,95,5,True
646*,KyuremBlack Kyurem,Bestial,Water,700,125,170,100,120,90,95,5,True
646**,KyuremWhite Kyurem,Bestial,Water,700,125,120,90,170,100,95,5,True
647,KeldeoOrdinary Forme,Water,Machine,580,91,72,90,129,90,108,5,False
647*,KeldeoResolute Forme,Water,Machine,580,91,72,90,129,90,108,5,False
648,MeloettaAria Forme,Bestial,Light,600,100,77,77,128,128,90,5,False
648*,MeloettaPirouette Forme,Bestial,Machine,600,100,128,90,77,77,128,5,False
649,Genesect,Machine,Machine,600,71,120,95,120,95,99,5,False
650,Chespin,Earth,,313,56,61,65,48,45,38,6,False
651,Quilladin,Earth,,405,61,78,95,56,58,57,6,False
652,Chesnaught,Earth,Machine,530,88,107,122,74,75,64,6,False
653,Fennekin,Fire,,307,40,45,40,62,60,60,6,False
654,Braixen,Fire,,409,59,59,58,90,70,73,6,False
655,Delphox,Fire,Light,534,75,69,72,114,100,104,6,False
656,Froakie,Water,,314,41,56,40,62,44,71,6,False
657,Frogadier,Water,,405,54,63,52,83,56,97,6,False
658,Greninja,Water,Darkness,530,72,95,67,103,71,122,6,False
659,Bunnelby,Bestial,,237,38,36,38,32,36,57,6,False
660,Diggersby,Bestial,Earth,423,85,56,77,50,77,78,6,False
661,Fletchling,Bestial,Air,278,45,50,43,40,38,62,6,False
662,Fletchinder,Fire,Air,382,62,73,55,56,52,84,6,False
663,Talonflame,Fire,Air,499,78,81,71,74,69,126,6,False
664,ScatterMachine,Machine,,200,38,35,40,27,25,35,6,False
665,Spewpa,Machine,,213,45,22,60,27,30,29,6,False
666,Vivillon,Machine,Air,411,80,52,50,90,50,89,6,False
667,Litleo,Fire,Bestial,369,62,50,58,73,54,72,6,False
668,Pyroar,Fire,Bestial,507,86,68,72,109,66,106,6,False
669,Flabébé,Ethereal,,303,44,38,39,61,79,42,6,False
670,Floette,Ethereal,,371,54,45,47,75,98,52,6,False
671,Florges,Ethereal,,552,78,65,68,112,154,75,6,False
672,Skiddo,Earth,,350,66,65,48,62,57,52,6,False
673,Gogoat,Earth,,531,123,100,62,97,81,68,6,False
674,Pancham,Machine,,348,67,82,62,46,48,43,6,False
675,Pangoro,Machine,Darkness,495,95,124,78,69,71,58,6,False
676,Furfrou,Bestial,,472,75,80,60,65,90,102,6,False
677,Espurr,Light,,355,62,48,54,63,60,68,6,False
678,MeowsticMale,Light,,466,74,48,76,83,81,104,6,False
678*,MeowsticFemale,Light,,466,74,48,76,83,81,104,6,False
679,Honedge,Machine,Darkness,325,45,80,100,35,37,28,6,False
680,Doublade,Machine,Darkness,448,59,110,150,45,49,35,6,False
681,AegislashBlade Forme,Machine,Darkness,520,60,150,50,150,50,60,6,False
681*,AegislashShield Forme,Machine,Darkness,520,60,50,150,50,150,60,6,False
682,Spritzee,Ethereal,,341,78,52,60,63,65,23,6,False
683,Aromatisse,Ethereal,,462,101,72,72,99,89,29,6,False
684,Swirlix,Ethereal,,341,62,48,66,59,57,49,6,False
685,Slurpuff,Ethereal,,480,82,80,86,85,75,72,6,False
686,Inkay,Darkness,Light,288,53,54,53,37,46,45,6,False
687,Malamar,Darkness,Light,482,86,92,88,68,75,73,6,False
688,Binacle,Earth,Water,306,42,52,67,39,56,50,6,False
689,Barbaracle,Earth,Water,500,72,105,115,54,86,68,6,False
690,Skrelp,Undead,Water,320,50,60,60,60,60,30,6,False
691,Dragalge,Undead,Bestial,494,65,75,90,97,123,44,6,False
692,Clauncher,Water,,330,50,53,62,58,63,44,6,False
693,Clawitzer,Water,,500,71,73,88,120,89,59,6,False
694,Helioptile,Thunder,Bestial,289,44,38,33,61,43,70,6,False
695,Heliolisk,Thunder,Bestial,481,62,55,52,109,94,109,6,False
696,Tyrunt,Earth,Bestial,362,58,89,77,45,45,48,6,False
697,Tyrantrum,Earth,Bestial,521,82,121,119,69,59,71,6,False
698,Amaura,Earth,Water,362,77,59,50,67,63,46,6,False
699,Aurorus,Earth,Water,521,123,77,72,99,92,58,6,False
700,Sylveon,Ethereal,,525,95,65,65,110,130,60,6,False
701,Hawlucha,Machine,Air,500,78,92,75,74,63,118,6,False
702,Dedenne,Thunder,Ethereal,431,67,58,57,81,67,101,6,False
703,Carbink,Earth,Ethereal,500,50,50,150,50,150,50,6,False
704,Goomy,Bestial,,300,45,50,35,55,75,40,6,False
705,Sliggoo,Bestial,,452,68,75,53,83,113,60,6,False
706,Goodra,Bestial,,600,90,100,70,110,150,80,6,False
707,Klefki,Machine,Ethereal,470,57,80,91,80,87,75,6,False
708,Phantump,Darkness,Earth,309,43,70,48,50,60,38,6,False
709,Trevenant,Darkness,Earth,474,85,110,76,65,82,56,6,False
710,PumpkabooAverage Size,Darkness,Earth,335,49,66,70,44,55,51,6,False
710*,PumpkabooSmall Size,Darkness,Earth,335,44,66,70,44,55,56,6,False
710**,PumpkabooLarge Size,Darkness,Earth,335,54,66,70,44,55,46,6,False
710***,PumpkabooSuper Size,Darkness,Earth,335,59,66,70,44,55,41,6,False
711,GourgeistAverage Size,Darkness,Earth,494,65,90,122,58,75,84,6,False
711*,GourgeistSmall Size,Darkness,Earth,494,55,85,122,58,75,99,6,False
711**,GourgeistLarge Size,Darkness,Earth,494,75,95,122,58,75,69,6,False
711***,GourgeistSuper Size,Darkness,Earth,494,85,100,122,58,75,54,6,False
712,Bergmite,Water,,304,55,69,85,32,35,28,6,False
713,Avalugg,Water,,514,95,117,184,44,46,28,6,False
714,Noibat,Air,Bestial,245,40,30,35,45,40,55,6,False
715,Noivern,Air,Bestial,535,85,70,80,97,80,123,6,False
716,Xerneas,Ethereal,,680,126,131,95,131,98,99,6,True
717,Yveltal,Darkness,Air,680,126,131,95,131,98,99,6,True
718,Zygarde50% Forme,Bestial,Earth,600,108,100,121,81,95,95,6,True
719,Diancie,Earth,Ethereal,600,50,100,150,100,150,50,6,True
719,DiancieMega Diancie,Earth,Ethereal,700,50,160,110,160,110,110,6,True
720,HoopaHoopa Confined,Light,Darkness,600,80,110,60,150,130,70,6,True
720*,HoopaHoopa Unbound,Light,Darkness,680,80,160,60,170,130,80,6,True
721,Volcanion,Fire,Water,600,80,110,120,130,90,70,6,True